Workbook

Sheet Project Summary
C1: Employee Bonus Eligibility & Salary Analysis

Sheet Employee_Dataset
A1: Employee ID | B1: Name | C1: Department | D1: Date of Joining | E1: Basic Salary | F1: Location | G1: Bonus% | H1: Bonus Amount | I1: Total Salary | J1: Status | K1: Date | L1: years of Experience | M1: Joining Month Name | N1: High Bonus | O1: Salary Category | P1: Eligibility | Q1: Anniversary Month | R1: Department Code | S1: Employee Summary
A2: EMP001 | B2: Vijay | C2: Marketing | D2: 27/02/2024 | E2: 32671 | F2: Bangalore | G2: {=VLOOKUP(Employee_Dataset!C2:C101,'Bonus Table'!A2:B7,2,FALSE)} -> 0.09 | H2: =E2*G2 -> 2940.39 | I2: =E2+H2 -> 35611.39 | J2: =IF(I2>=25000,"Active","Probation") -> Active | K2: =IFERROR(DATEVALUE(D2),"") -> 45349 | L2: =DATEDIF(K2,TODAY(),"Y") -> 1 | M2: {=TEXT(K2:K101,"mmmm")} -> February | N2: {=IF(H2:H101>5000,"High Bonus","")} | O2: {=IF(I2:I101>=60000,"Top Earner",IF(I2:I101>=40000,"Mid Earner","Low Earner"))} -> Low Earner | P2: =IF(AND(J2="Active",G2>0.1,L2>=3),"Eligible","Not Eligible") -> Not Eligible | Q2: =IF(M2=TEXT(TODAY(),"mmmm"),"Yes","No") -> No | R2: {=LEFT(C2:C101,2)} -> Ma | S2: =_xlfn.TEXTJOIN(",",TRUE,A2,B2,C2,"Salary -"&ROUND(I2,2),J2) -> EMP001,Vijay,Marketing,Salary -35611.39,Active
A3: EMP002 | B3: Dinesh | C3: Finance | D3: 17/02/2024 | E3: 48627 | F3: Bangalore | G3: 0.1 | H3: =E3*G3 -> 4862.7 | I3: =E3+H3 -> 53489.7 | J3: =IF(I3>=25000,"Active","Probation") -> Active | K3: =IFERROR(DATEVALUE(D3),"") -> 45339 | L3: =DATEDIF(K3,TODAY(),"Y") -> 1 | M3: February | O3: Mid Earner | P3: =IF(AND(J3="Active",G3>0.1,L3>=3),"Eligible","Not Eligible") -> Not Eligible | Q3: =IF(M3=TEXT(TODAY(),"mmmm"),"Yes","No") -> No | R3: Fi | S3: =_xlfn.TEXTJOIN(",",TRUE,A3,B3,C3,"Salary -"&ROUND(I3,2),J3) -> EMP002,Dinesh,Finance,Salary -53489.7,Active
A4: EMP003 | B4: Bala | C4: HR | D4: 24/04/2023 | E4: 47891 | F4: Pune | G4: 0.08 | H4: =E4*G4 -> 3831.28 | I4: =E4+H4 -> 51722.28 | J4: =IF(I4>=25000,"Active","Probation") -> Active | K4: =IFERROR(DATEVALUE(D4),"") -> 45040 | L4: =DATEDIF(K4,TODAY(),"Y") -> 2 | M4: April | O4: Mid Earner | P4: =IF(AND(J4="Active",G4>0.1,L4>=3),"Eligible","Not Eligible") -> Not Eligible | Q4: =IF(M4=TEXT(TODAY(),"mmmm"),"Yes","No") -> No | R4: HR | S4: =_xlfn.TEXTJOIN(",",TRUE,A4,B4,C4,"Salary -"&ROUND(I4,2),J4) -> EMP003,Bala,HR,Salary -51722.28,Active
A5: EMP004 | B5: Prakash | C5: Marketing | D5: 23/03/2021 | E5: 43575 | F5: Pune | G5: 0.09 | H5: =E5*G5 -> 3921.75 | I5: =E5+H5 -> 47496.75 | J5: =IF(I5>=25000,"Active","Probation") -> Active | K5: =IFERROR(DATEVALUE(D5),"") -> 44278 | L5: =DATEDIF(K5,TODAY(),"Y") -> 4 | M5: March | O5: Mid Earner | P5: =IF(AND(J5="Active",G5>0.1,L5>=3),"Eligible","Not Eligible") -> Not Eligible | Q5: =IF(M5=TEXT(TODAY(),"mmmm"),"Yes","No") -> No | R5: Ma | S5: =_xlfn.TEXTJOIN(",",TRUE,A5,B5,C5,"Salary -"&ROUND(I5,2),J5) -> EMP004,Prakash,Marketing,Salary -47496.75,Active
A6: EMP005 | B6: Vimal | C6: IT | D6: 23/02/2023 | E6: 32493 | F6: Chennai | G6: 0.12 | H6: =E6*G6 -> 3899.16 | I6: =E6+H6 -> 36392.16 | J6: =IF(I6>=25000,"Active","Probation") -> Active | K6: =IFERROR(DATEVALUE(D6),"") -> 44980 | L6: =DATEDIF(K6,TODAY(),"Y") -> 2 | M6: February | O6: Low Earner | P6: =IF(AND(J6="Active",G6>0.1,L6>=3),"Eligible","Not Eligible") -> Not Eligible | Q6: =IF(M6=TEXT(TODAY(),"mmmm"),"Yes","No") -> No | R6: IT | S6: =_xlfn.TEXTJOIN(",",TRUE,A6,B6,C6,"Salary -"&ROUND(I6,2),J6) -> EMP005,Vimal,IT,Salary -36392.16,Active
A7: EMP006 | B7: Saravanan | C7: Support | D7: 27/03/2021 | E7: 58259 | F7: Pune | G7: 0.07 | H7: =E7*G7 -> 4078.13 | I7: =E7+H7 -> 62337.13 | J7: =IF(I7>=25000,"Active","Probation") -> Active | K7: =IFERROR(DATEVALUE(D7),"") -> 44282 | L7: =DATEDIF(K7,TODAY(),"Y") -> 4 | M7: March | O7: Top Earner | P7: =IF(AND(J7="Active",G7>0.1,L7>=3),"Eligible","Not Eligible") -> Not Eligible | Q7: =IF(M7=TEXT(TODAY(),"mmmm"),"Yes","No") -> No | R7: Su | S7: =_xlfn.TEXTJOIN(",",TRUE,A7,B7,C7,"Salary -"&ROUND(I7,2),J7) -> EMP006,Saravanan,Support,Salary -62337.13,Active
A8: EMP007 | B8: Madhan | C8: HR | D8: 45355 | E8: 36550 | F8: Mumbai | G8: 0.08 | H8: =E8*G8 -> 2924 | I8: =E8+H8 -> 39474 | J8: =IF(I8>=25000,"Active","Probation") -> Active | K8: 45355 | L8: =DATEDIF(K8,TODAY(),"Y") -> 1 | M8: March | O8: Low Earner | P8: =IF(AND(J8="Active",G8>0.1,L8>=3),"Eligible","Not Eligible") -> Not Eligible | Q8: =IF(M8=TEXT(TODAY(),"mmmm"),"Yes","No") -> No | R8: HR | S8: =_xlfn.TEXTJOIN(",",TRUE,A8,B8,C8,"Salary -"&ROUND(I8,2),J8) -> EMP007,Madhan,HR,Salary -39474,Active
A9: EMP008 | B9: Vijay | C9: IT | D9: 23/07/2021 | E9: 46605 | F9: Mumbai | G9: 0.12 | H9: =E9*G9 -> 5592.6 | I9: =E9+H9 -> 52197.6 | J9: =IF(I9>=25000,"Active","Probation") -> Active | K9: =IFERROR(DATEVALUE(D9),"") -> 44400 | L9: =DATEDIF(K9,TODAY(),"Y") -> 4 | M9: July | N9: High Bonus | O9: Mid Earner | P9: =IF(AND(J9="Active",G9>0.1,L9>=3),"Eligible","Not Eligible") -> Eligible | Q9: =IF(M9=TEXT(TODAY(),"mmmm"),"Yes","No") -> No | R9: IT | S9: =_xlfn.TEXTJOIN(",",TRUE,A9,B9,C9,"Salary -"&ROUND(I9,2),J9) -> EMP008,Vijay,IT,Salary -52197.6,Active
A10: EMP009 | B10: Anand | C10: IT | D10: 44050 | E10: 25420 | F10: Mumbai | G10: 0.12 | H10: =E10*G10 -> 3050.4 | I10: =E10+H10 -> 28470.4 | J10: =IF(I10>=25000,"Active","Probation") -> Active | K10: 44050 | L10: =DATEDIF(K10,TODAY(),"Y") -> 5 | M10: August | O10: Low Earner | P10: =IF(AND(J10="Active",G10>0.1,L10>=3),"Eligible","Not Eligible") -> Eligible | Q10: =IF(M10=TEXT(TODAY(),"mmmm"),"Yes","No") -> No | R10: IT | S10: =_xlfn.TEXTJOIN(",",TRUE,A10,B10,C10,"Salary -"&ROUND(I10,2),J10) -> EMP009,Anand,IT,Salary -28470.4,Active
A11: EMP010 | B11: Arjun | C11: Marketing | D11: 21/05/2023 | E11: 58346 | F11: Pune | G11: 0.09 | H11: =E11*G11 -> 5251.14 | I11: =E11+H11 -> 63597.14 | J11: =IF(I11>=25000,"Active","Probation") -> Active | K11: =IFERROR(DATEVALUE(D11),"") -> 45067 | L11: =DATEDIF(K11,TODAY(),"Y") -> 2 | M11: May | N11: High Bonus | O11: Top Earner | P11: =IF(AND(J11="Active",G11>0.1,L11>=3),"Eligible","Not Eligible") -> Not Eligible | Q11: =IF(M11=TEXT(TODAY(),"mmmm"),"Yes","No") -> No | R11: Ma | S11: =_xlfn.TEXTJOIN(",",TRUE,A11,B11,C11,"Salary -"&ROUND(I11,2),J11) -> EMP010,Arjun,Marketing,Salary -63597.14,Active
A12: EMP011 | B12: Karthik | C12: Marketing | D12: 44174 | E12: 41851 | F12: Pune | G12: 0.09 | H12: =E12*G12 -> 3766.59 | I12: =E12+H12 -> 45617.59 | J12: =IF(I12>=25000,"Active","Probation") -> Active | K12: 44174 | L12: =DATEDIF(K12,TODAY(),"Y") -> 5 | M12: December | O12: Mid Earner | P12: =IF(AND(J12="Active",G12>0.1,L12>=3),"Eligible","Not Eligible") -> Not Eligible | Q12: =IF(M12=TEXT(TODAY(),"mmmm"),"Yes","No") -> Yes | R12: Ma | S12: =_xlfn.TEXTJOIN(",",TRUE,A12,B12,C12,"Salary -"&ROUND(I12,2),J12) -> EMP011,Karthik,Marketing,Salary -45617.59,Active
A13: EMP012 | B13: Arjun | C13: Marketing | D13: 25/08/2024 | E13: 52597 | F13: Mumbai | G13: 0.09 | H13: =E13*G13 -> 4733.73 | I13: =E13+H13 -> 57330.73 | J13: =IF(I13>=25000,"Active","Probation") -> Active | K13: =IFERROR(DATEVALUE(D13),"") -> 45529 | L13: =DATEDIF(K13,TODAY(),"Y") -> 1 | M13: August | O13: Mid Earner | P13: =IF(AND(J13="Active",G13>0.1,L13>=3),"Eligible","Not Eligible") -> Not Eligible | Q13: =IF(M13=TEXT(TODAY(),"mmmm"),"Yes","No") -> No | R13: Ma | S13: =_xlfn.TEXTJOIN(",",TRUE,A13,B13,C13,"Salary -"&ROUND(I13,2),J13) -> EMP012,Arjun,Marketing,Salary -57330.73,Active
A14: EMP013 | B14: Surya | C14: IT | D14: 28/01/2021 | E14: 21202 | F14: Pune | G14: 0.12 | H14: =E14*G14 -> 2544.24 | I14: =E14+H14 -> 23746.24 | J14: =IF(I14>=25000,"Active","Probation") -> Probation | K14: =IFERROR(DATEVALUE(D14),"") -> 44224 | L14: =DATEDIF(K14,TODAY(),"Y") -> 4 | M14: January | O14: Low Earner | P14: =IF(AND(J14="Active",G14>0.1,L14>=3),"Eligible","Not Eligible") -> Not Eligible | Q14: =IF(M14=TEXT(TODAY(),"mmmm"),"Yes","No") -> No | R14: IT | S14: =_xlfn.TEXTJOIN(",",TRUE,A14,B14,C14,"Salary -"&ROUND(I14,2),J14) -> EMP013,Surya,IT,Salary -23746.24,Probation
A15: EMP014 | B15: Prakash | C15: Support | D15: 44504 | E15: 44907 | F15: Bangalore | G15: 0.07 | H15: =E15*G15 -> 3143.49 | I15: =E15+H15 -> 48050.49 | J15: =IF(I15>=25000,"Active","Probation") -> Active | K15: 44504 | L15: =DATEDIF(K15,TODAY(),"Y") -> 4 | M15: November | O15: Mid Earner | P15: =IF(AND(J15="Active",G15>0.1,L15>=3),"Eligible","Not Eligible") -> Not Eligible | Q15: =IF(M15=TEXT(TODAY(),"mmmm"),"Yes","No") -> No | R15: Su | S15: =_xlfn.TEXTJOIN(",",TRUE,A15,B15,C15,"Salary -"&ROUND(I15,2),J15) -> EMP014,Prakash,Support,Salary -48050.49,Active
A16: EMP015 | B16: Prakash | C16: Support | D16: 17/02/2022 | E16: 35128 | F16: Chennai | G16: 0.07 | H16: =E16*G16 -> 2458.96 | I16: =E16+H16 -> 37586.96 | J16: =IF(I16>=25000,"Active","Probation") -> Active | K16: =IFERROR(DATEVALUE(D16),"") -> 44609 | L16: =DATEDIF(K16,TODAY(),"Y") -> 3 | M16: February | O16: Low Earner | P16: =IF(AND(J16="Active",G16>0.1,L16>=3),"Eligible","Not Eligible") -> Not Eligible | Q16: =IF(M16=TEXT(TODAY(),"mmmm"),"Yes","No") -> No | R16: Su | S16: =_xlfn.TEXTJOIN(",",TRUE,A16,B16,C16,"Salary -"&ROUND(I16,2),J16) -> EMP015,Prakash,Support,Salary -37586.96,Active
A17: EMP016 | B17: Manoj | C17: HR | D17: 28/01/2022 | E17: 48059 | F17: Delhi | G17: 0.08 | H17: =E17*G17 -> 3844.72 | I17: =E17+H17 -> 51903.72 | J17: =IF(I17>=25000,"Active","Probation") -> Active | K17: =IFERROR(DATEVALUE(D17),"") -> 44589 | L17: =DATEDIF(K17,TODAY(),"Y") -> 3 | M17: January | O17: Mid Earner | P17: =IF(AND(J17="Active",G17>0.1,L17>=3),"Eligible","Not Eligible") -> Not Eligible | Q17: =IF(M17=TEXT(TODAY(),"mmmm"),"Yes","No") -> No | R17: HR | S17: =_xlfn.TEXTJOIN(",",TRUE,A17,B17,C17,"Salary -"&ROUND(I17,2),J17) -> EMP016,Manoj,HR,Salary -51903.72,Active
A18: EMP017 | B18: Madhan | C18: Sales | D18: 45692 | E18: 29422 | F18: Delhi | G18: 0.15 | H18: =E18*G18 -> 4413.3 | I18: =E18+H18 -> 33835.3 | J18: =IF(I18>=25000,"Active","Probation") -> Active | K18: 45692 | L18: =DATEDIF(K18,TODAY(),"Y") -> 0 | M18: February | O18: Low Earner | P18: =IF(AND(J18="Active",G18>0.1,L18>=3),"Eligible","Not Eligible") -> Not Eligible | Q18: =IF(M18=TEXT(TODAY(),"mmmm"),"Yes","No") -> No | R18: Sa | S18: =_xlfn.TEXTJOIN(",",TRUE,A18,B18,C18,"Salary -"&ROUND(I18,2),J18) -> EMP017,Madhan,Sales,Salary -33835.3,Active
A19: EMP018 | B19: Sanjay | C19: IT | D19: 24/07/2023 | E19: 37889 | F19: Bangalore | G19: 0.12 | H19: =E19*G19 -> 4546.68 | I19: =E19+H19 -> 42435.68 | J19: =IF(I19>=25000,"Active","Probation") -> Active | K19: =IFERROR(DATEVALUE(D19),"") -> 45131 | L19: =DATEDIF(K19,TODAY(),"Y") -> 2 | M19: July | O19: Mid Earner | P19: =IF(AND(J19="Active",G19>0.1,L19>=3),"Eligible","Not Eligible") -> Not Eligible | Q19: =IF(M19=TEXT(TODAY(),"mmmm"),"Yes","No") -> No | R19: IT | S19: =_xlfn.TEXTJOIN(",",TRUE,A19,B19,C19,"Salary -"&ROUND(I19,2),J19) -> EMP018,Sanjay,IT,Salary -42435.68,Active
A20: EMP019 | B20: Rajesh | C20: IT | D20: 44659 | E20: 26067 | F20: Bangalore | G20: 0.12 | H20: =E20*G20 -> 3128.04 | I20: =E20+H20 -> 29195.04 | J20: =IF(I20>=25000,"Active","Probation") -> Active | K20: 44659 | L20: =DATEDIF(K20,TODAY(),"Y") -> 3 | M20: April | O20: Low Earner | P20: =IF(AND(J20="Active",G20>0.1,L20>=3),"Eligible","Not Eligible") -> Eligible | Q20: =IF(M20=TEXT(TODAY(),"mmmm"),"Yes","No") -> No | R20: IT | S20: =_xlfn.TEXTJOIN(",",TRUE,A20,B20,C20,"Salary -"&ROUND(I20,2),J20) -> EMP019,Rajesh,IT,Salary -29195.04,Active
A21: EMP020 | B21: Naveen | C21: Support | D21: 44996 | E21: 23418 | F21: Mumbai | G21: 0.07 | H21: =E21*G21 -> 1639.26 | I21: =E21+H21 -> 25057.26 | J21: =IF(I21>=25000,"Active","Probation") -> Active | K21: 44996 | L21: =DATEDIF(K21,TODAY(),"Y") -> 2 | M21: March | O21: Low Earner | P21: =IF(AND(J21="Active",G21>0.1,L21>=3),"Eligible","Not Eligible") -> Not Eligible | Q21: =IF(M21=TEXT(TODAY(),"mmmm"),"Yes","No") -> No | R21: Su | S21: =_xlfn.TEXTJOIN(",",TRUE,A21,B21,C21,"Salary -"&ROUND(I21,2),J21) -> EMP020,Naveen,Support,Salary -25057.26,Active
A22: EMP021 | B22: Karthik | C22: IT | D22: 45450 | E22: 23927 | F22: Mumbai | G22: 0.12 | H22: =E22*G22 -> 2871.24 | I22: =E22+H22 -> 26798.24 | J22: =IF(I22>=25000,"Active","Probation") -> Active | K22: 45450 | L22: =DATEDIF(K22,TODAY(),"Y") -> 1 | M22: June | O22: Low Earner | P22: =IF(AND(J22="Active",G22>0.1,L22>=3),"Eligible","Not Eligible") -> Not Eligible | Q22: =IF(M22=TEXT(TODAY(),"mmmm"),"Yes","No") -> No | R22: IT | S22: =_xlfn.TEXTJOIN(",",TRUE,A22,B22,C22,"Salary -"&ROUND(I22,2),J22) -> EMP021,Karthik,IT,Salary -26798.24,Active
A23: EMP022 | B23: Naveen | C23: Support | D23: 44411 | E23: 64684 | F23: Delhi | G23: 0.07 | H23: =E23*G23 -> 4527.88 | I23: =E23+H23 -> 69211.88 | J23: =IF(I23>=25000,"Active","Probation") -> Active | K23: 44411 | L23: =DATEDIF(K23,TODAY(),"Y") -> 4 | M23: August | O23: Top Earner | P23: =IF(AND(J23="Active",G23>0.1,L23>=3),"Eligible","Not Eligible") -> Not Eligible | Q23: =IF(M23=TEXT(TODAY(),"mmmm"),"Yes","No") -> No | R23: Su | S23: =_xlfn.TEXTJOIN(",",TRUE,A23,B23,C23,"Salary -"&ROUND(I23,2),J23) -> EMP022,Naveen,Support,Salary -69211.88,Active
A24: EMP023 | B24: Ravi | C24: IT | D24: 19/10/2022 | E24: 30753 | F24: Mumbai | G24: 0.12 | H24: =E24*G24 -> 3690.36 | I24: =E24+H24 -> 34443.36 | J24: =IF(I24>=25000,"Active","Probation") -> Active | K24: =IFERROR(DATEVALUE(D24),"") -> 44853 | L24: =DATEDIF(K24,TODAY(),"Y") -> 3 | M24: October | O24: Low Earner | P24: =IF(AND(J24="Active",G24>0.1,L24>=3),"Eligible","Not Eligible") -> Eligible | Q24: =IF(M24=TEXT(TODAY(),"mmmm"),"Yes","No") -> No | R24: IT | S24: =_xlfn.TEXTJOIN(",",TRUE,A24,B24,C24,"Salary -"&ROUND(I24,2),J24) -> EMP023,Ravi,IT,Salary -34443.36,Active
A25: EMP024 | B25: Prakash | C25: Marketing | D25: 26/06/2021 | E25: 30329 | F25: Bangalore | G25: 0.09 | H25: =E25*G25 -> 2729.61 | I25: =E25+H25 -> 33058.61 | J25: =IF(I25>=25000,"Active","Probation") -> Active | K25: =IFERROR(DATEVALUE(D25),"") -> 44373 | L25: =DATEDIF(K25,TODAY(),"Y") -> 4 | M25: June | O25: Low Earner | P25: =IF(AND(J25="Active",G25>0.1,L25>=3),"Eligible","Not Eligible") -> Not Eligible | Q25: =IF(M25=TEXT(TODAY(),"mmmm"),"Yes","No") -> No | R25: Ma | S25: =_xlfn.TEXTJOIN(",",TRUE,A25,B25,C25,"Salary -"&ROUND(I25,2),J25) -> EMP024,Prakash,Marketing,Salary -33058.61,Active
A26: EMP025 | B26: Akash | C26: HR | D26: 22/06/2021 | E26: 29854 | F26: Chennai | G26: 0.08 | H26: =E26*G26 -> 2388.32 | I26: =E26+H26 -> 32242.32 | J26: =IF(I26>=25000,"Active","Probation") -> Active | K26: =IFERROR(DATEVALUE(D26),"") -> 44369 | L26: =DATEDIF(K26,TODAY(),"Y") -> 4 | M26: June | O26: Low Earner | P26: =IF(AND(J26="Active",G26>0.1,L26>=3),"Eligible","Not Eligible") -> Not Eligible | Q26: =IF(M26=TEXT(TODAY(),"mmmm"),"Yes","No") -> No | R26: HR | S26: =_xlfn.TEXTJOIN(",",TRUE,A26,B26,C26,"Salary -"&ROUND(I26,2),J26) -> EMP025,Akash,HR,Salary -32242.32,Active
A27: EMP026 | B27: Bala | C27: Finance | D27: 28/03/2022 | E27: 61900 | F27: Delhi | G27: 0.1 | H27: =E27*G27 -> 6190 | I27: =E27+H27 -> 68090 | J27: =IF(I27>=25000,"Active","Probation") -> Active | K27: =IFERROR(DATEVALUE(D27),"") -> 44648 | L27: =DATEDIF(K27,TODAY(),"Y") -> 3 | M27: March | N27: High Bonus | O27: Top Earner | P27: =IF(AND(J27="Active",G27>0.1,L27>=3),"Eligible","Not Eligible") -> Not Eligible | Q27: =IF(M27=TEXT(TODAY(),"mmmm"),"Yes","No") -> No | R27: Fi | S27: =_xlfn.TEXTJOIN(",",TRUE,A27,B27,C27,"Salary -"&ROUND(I27,2),J27) -> EMP026,Bala,Finance,Salary -68090,Active
A28: EMP027 | B28: Ravi | C28: Finance | D28: 44752 | E28: 57339 | F28: Chennai | G28: 0.1 | H28: =E28*G28 -> 5733.9 | I28: =E28+H28 -> 63072.9 | J28: =IF(I28>=25000,"Active","Probation") -> Active | K28: 44752 | L28: =DATEDIF(K28,TODAY(),"Y") -> 3 | M28: July | N28: High Bonus | O28: Top Earner | P28: =IF(AND(J28="Active",G28>0.1,L28>=3),"Eligible","Not Eligible") -> Not Eligible | Q28: =IF(M28=TEXT(TODAY(),"mmmm"),"Yes","No") -> No | R28: Fi | S28: =_xlfn.TEXTJOIN(",",TRUE,A28,B28,C28,"Salary -"&ROUND(I28,2),J28) -> EMP027,Ravi,Finance,Salary -63072.9,Active
A29: EMP028 | B29: Manoj | C29: Finance | D29: 45176 | E29: 54457 | F29: Bangalore | G29: 0.1 | H29: =E29*G29 -> 5445.7 | I29: =E29+H29 -> 59902.7 | J29: =IF(I29>=25000,"Active","Probation") -> Active | K29: 45176 | L29: =DATEDIF(K29,TODAY(),"Y") -> 2 | M29: September | N29: High Bonus | O29: Mid Earner | P29: =IF(AND(J29="Active",G29>0.1,L29>=3),"Eligible","Not Eligible") -> Not Eligible | Q29: =IF(M29=TEXT(TODAY(),"mmmm"),"Yes","No") -> No | R29: Fi | S29: =_xlfn.TEXTJOIN(",",TRUE,A29,B29,C29,"Salary -"&ROUND(I29,2),J29) -> EMP028,Manoj,Finance,Salary -59902.7,Active
A30: EMP029 | B30: Karthik | C30: Marketing | D30: 44109 | E30: 32832 | F30: Chennai | G30: 0.09 | H30: =E30*G30 -> 2954.88 | I30: =E30+H30 -> 35786.88 | J30: =IF(I30>=25000,"Active","Probation") -> Active | K30: 44109 | L30: =DATEDIF(K30,TODAY(),"Y") -> 5 | M30: October | O30: Low Earner | P30: =IF(AND(J30="Active",G30>0.1,L30>=3),"Eligible","Not Eligible") -> Not Eligible | Q30: =IF(M30=TEXT(TODAY(),"mmmm"),"Yes","No") -> No | R30: Ma | S30: =_xlfn.TEXTJOIN(",",TRUE,A30,B30,C30,"Salary -"&ROUND(I30,2),J30) -> EMP029,Karthik,Marketing,Salary -35786.88,Active
A31: EMP030 | B31: Naveen | C31: HR | D31: 19/12/2022 | E31: 39603 | F31: Mumbai | G31: 0.08 | H31: =E31*G31 -> 3168.24 | I31: =E31+H31 -> 42771.24 | J31: =IF(I31>=25000,"Active","Probation") -> Active | K31: =IFERROR(DATEVALUE(D31),"") -> 44914 | L31: =DATEDIF(K31,TODAY(),"Y") -> 3 | M31: December | O31: Mid Earner | P31: =IF(AND(J31="Active",G31>0.1,L31>=3),"Eligible","Not Eligible") -> Not Eligible | Q31: =IF(M31=TEXT(TODAY(),"mmmm"),"Yes","No") -> Yes | R31: HR | S31: =_xlfn.TEXTJOIN(",",TRUE,A31,B31,C31,"Salary -"&ROUND(I31,2),J31) -> EMP030,Naveen,HR,Salary -42771.24,Active
A32: EMP031 | B32: Surya | C32: Support | D32: 16/01/2024 | E32: 57871 | F32: Delhi | G32: 0.07 | H32: =E32*G32 -> 4050.97 | I32: =E32+H32 -> 61921.97 | J32: =IF(I32>=25000,"Active","Probation") -> Active | K32: =IFERROR(DATEVALUE(D32),"") -> 45307 | L32: =DATEDIF(K32,TODAY(),"Y") -> 1 | M32: January | O32: Top Earner | P32: =IF(AND(J32="Active",G32>0.1,L32>=3),"Eligible","Not Eligible") -> Not Eligible | Q32: =IF(M32=TEXT(TODAY(),"mmmm"),"Yes","No") -> No | R32: Su | S32: =_xlfn.TEXTJOIN(",",TRUE,A32,B32,C32,"Salary -"&ROUND(I32,2),J32) -> EMP031,Surya,Support,Salary -61921.97,Active
A33: EMP032 | B33: Dinesh | C33: Sales | D33: 23/04/2024 | E33: 54439 | F33: Pune | G33: 0.15 | H33: =E33*G33 -> 8165.85 | I33: =E33+H33 -> 62604.85 | J33: =IF(I33>=25000,"Active","Probation") -> Active | K33: =IFERROR(DATEVALUE(D33),"") -> 45405 | L33: =DATEDIF(K33,TODAY(),"Y") -> 1 | M33: April | N33: High Bonus | O33: Top Earner | P33: =IF(AND(J33="Active",G33>0.1,L33>=3),"Eligible","Not Eligible") -> Not Eligible | Q33: =IF(M33=TEXT(TODAY(),"mmmm"),"Yes","No") -> No | R33: Sa | S33: =_xlfn.TEXTJOIN(",",TRUE,A33,B33,C33,"Salary -"&ROUND(I33,2),J33) -> EMP032,Dinesh,Sales,Salary -62604.85,Active
A34: EMP033 | B34: Karthik | C34: Marketing | D34: 44810 | E34: 51012 | F34: Mumbai | G34: 0.09 | H34: =E34*G34 -> 4591.08 | I34: =E34+H34 -> 55603.08 | J34: =IF(I34>=25000,"Active","Probation") -> Active | K34: 44810 | L34: =DATEDIF(K34,TODAY(),"Y") -> 3 | M34: September | O34: Mid Earner | P34: =IF(AND(J34="Active",G34>0.1,L34>=3),"Eligible","Not Eligible") -> Not Eligible | Q34: =IF(M34=TEXT(TODAY(),"mmmm"),"Yes","No") -> No | R34: Ma | S34: =_xlfn.TEXTJOIN(",",TRUE,A34,B34,C34,"Salary -"&ROUND(I34,2),J34) -> EMP033,Karthik,Marketing,Salary -55603.08,Active
A35: EMP034 | B35: Gokul | C35: Finance | D35: 28/11/2024 | E35: 55827 | F35: Bangalore | G35: 0.1 | H35: =E35*G35 -> 5582.7 | I35: =E35+H35 -> 61409.7 | J35: =IF(I35>=25000,"Active","Probation") -> Active | K35: =IFERROR(DATEVALUE(D35),"") -> 45624 | L35: =DATEDIF(K35,TODAY(),"Y") -> 1 | M35: November | N35: High Bonus | O35: Top Earner | P35: =IF(AND(J35="Active",G35>0.1,L35>=3),"Eligible","Not Eligible") -> Not Eligible | Q35: =IF(M35=TEXT(TODAY(),"mmmm"),"Yes","No") -> No | R35: Fi | S35: =_xlfn.TEXTJOIN(",",TRUE,A35,B35,C35,"Salary -"&ROUND(I35,2),J35) -> EMP034,Gokul,Finance,Salary -61409.7,Active
A36: EMP035 | B36: Surya | C36: Marketing | D36: 44692 | E36: 60685 | F36: Pune | G36: 0.09 | H36: =E36*G36 -> 5461.65 | I36: =E36+H36 -> 66146.65 | J36: =IF(I36>=25000,"Active","Probation") -> Active | K36: 44692 | L36: =DATEDIF(K36,TODAY(),"Y") -> 3 | M36: May | N36: High Bonus | O36: Top Earner | P36: =IF(AND(J36="Active",G36>0.1,L36>=3),"Eligible","Not Eligible") -> Not Eligible | Q36: =IF(M36=TEXT(TODAY(),"mmmm"),"Yes","No") -> No | R36: Ma | S36: =_xlfn.TEXTJOIN(",",TRUE,A36,B36,C36,"Salary -"&ROUND(I36,2),J36) -> EMP035,Surya,Marketing,Salary -66146.65,Active
A37: EMP036 | B37: Madhan | C37: Marketing | D37: 44692 | E37: 57917 | F37: Pune | G37: 0.09 | H37: =E37*G37 -> 5212.53 | I37: =E37+H37 -> 63129.53 | J37: =IF(I37>=25000,"Active","Probation") -> Active | K37: 44692 | L37: =DATEDIF(K37,TODAY(),"Y") -> 3 | M37: May | N37: High Bonus | O37: Top Earner | P37: =IF(AND(J37="Active",G37>0.1,L37>=3),"Eligible","Not Eligible") -> Not Eligible | Q37: =IF(M37=TEXT(TODAY(),"mmmm"),"Yes","No") -> No | R37: Ma | S37: =_xlfn.TEXTJOIN(",",TRUE,A37,B37,C37,"Salary -"&ROUND(I37,2),J37) -> EMP036,Madhan,Marketing,Salary -63129.53,Active
A38: EMP037 | B38: Naveen | C38: Sales | D38: 45569 | E38: 40563 | F38: Chennai | G38: 0.15 | H38: =E38*G38 -> 6084.45 | I38: =E38+H38 -> 46647.45 | J38: =IF(I38>=25000,"Active","Probation") -> Active | K38: 45569 | L38: =DATEDIF(K38,TODAY(),"Y") -> 1 | M38: October | N38: High Bonus | O38: Mid Earner | P38: =IF(AND(J38="Active",G38>0.1,L38>=3),"Eligible","Not Eligible") -> Not Eligible | Q38: =IF(M38=TEXT(TODAY(),"mmmm"),"Yes","No") -> No | R38: Sa | S38: =_xlfn.TEXTJOIN(",",TRUE,A38,B38,C38,"Salary -"&ROUND(I38,2),J38) -> EMP037,Naveen,Sales,Salary -46647.45,Active
A39: EMP038 | B39: Ramesh | C39: Finance | D39: 45235 | E39: 55771 | F39: Delhi | G39: 0.1 | H39: =E39*G39 -> 5577.1 | I39: =E39+H39 -> 61348.1 | J39: =IF(I39>=25000,"Active","Probation") -> Active | K39: 45235 | L39: =DATEDIF(K39,TODAY(),"Y") -> 2 | M39: November | N39: High Bonus | O39: Top Earner | P39: =IF(AND(J39="Active",G39>0.1,L39>=3),"Eligible","Not Eligible") -> Not Eligible | Q39: =IF(M39=TEXT(TODAY(),"mmmm"),"Yes","No") -> No | R39: Fi | S39: =_xlfn.TEXTJOIN(",",TRUE,A39,B39,C39,"Salary -"&ROUND(I39,2),J39) -> EMP038,Ramesh,Finance,Salary -61348.1,Active
A40: EMP039 | B40: Sanjay | C40: Marketing | D40: 17/03/2025 | E40: 35202 | F40: Bangalore | G40: 0.09 | H40: =E40*G40 -> 3168.18 | I40: =E40+H40 -> 38370.18 | J40: =IF(I40>=25000,"Active","Probation") -> Active | K40: =IFERROR(DATEVALUE(D40),"") -> 45733 | L40: =DATEDIF(K40,TODAY(),"Y") -> 0 | M40: March | O40: Low Earner | P40: =IF(AND(J40="Active",G40>0.1,L40>=3),"Eligible","Not Eligible") -> Not Eligible | Q40: =IF(M40=TEXT(TODAY(),"mmmm"),"Yes","No") -> No | R40: Ma | S40: =_xlfn.TEXTJOIN(",",TRUE,A40,B40,C40,"Salary -"&ROUND(I40,2),J40) -> EMP039,Sanjay,Marketing,Salary -38370.18,Active
A41: EMP040 | B41: Saravanan | C41: Marketing | D41: 44413 | E41: 29999 | F41: Mumbai | G41: 0.09 | H41: =E41*G41 -> 2699.91 | I41: =E41+H41 -> 32698.91 | J41: =IF(I41>=25000,"Active","Probation") -> Active | K41: 44413 | L41: =DATEDIF(K41,TODAY(),"Y") -> 4 | M41: August | O41: Low Earner | P41: =IF(AND(J41="Active",G41>0.1,L41>=3),"Eligible","Not Eligible") -> Not Eligible | Q41: =IF(M41=TEXT(TODAY(),"mmmm"),"Yes","No") -> No | R41: Ma | S41: =_xlfn.TEXTJOIN(",",TRUE,A41,B41,C41,"Salary -"&ROUND(I41,2),J41) -> EMP040,Saravanan,Marketing,Salary -32698.91,Active
A42: EMP041 | B42: Madhan | C42: Finance | D42: 22/09/2022 | E42: 61225 | F42: Bangalore | G42: 0.1 | H42: =E42*G42 -> 6122.5 | I42: =E42+H42 -> 67347.5 | J42: =IF(I42>=25000,"Active","Probation") -> Active | K42: =IFERROR(DATEVALUE(D42),"") -> 44826 | L42: =DATEDIF(K42,TODAY(),"Y") -> 3 | M42: September | N42: High Bonus | O42: Top Earner | P42: =IF(AND(J42="Active",G42>0.1,L42>=3),"Eligible","Not Eligible") -> Not Eligible | Q42: =IF(M42=TEXT(TODAY(),"mmmm"),"Yes","No") -> No | R42: Fi | S42: =_xlfn.TEXTJOIN(",",TRUE,A42,B42,C42,"Salary -"&ROUND(I42,2),J42) -> EMP041,Madhan,Finance,Salary -67347.5,Active
A43: EMP042 | B43: Anand | C43: IT | D43: 13/09/2023 | E43: 63905 | F43: Pune | G43: 0.12 | H43: =E43*G43 -> 7668.6 | I43: =E43+H43 -> 71573.6 | J43: =IF(I43>=25000,"Active","Probation") -> Active | K43: =IFERROR(DATEVALUE(D43),"") -> 45182 | L43: =DATEDIF(K43,TODAY(),"Y") -> 2 | M43: September | N43: High Bonus | O43: Top Earner | P43: =IF(AND(J43="Active",G43>0.1,L43>=3),"Eligible","Not Eligible") -> Not Eligible | Q43: =IF(M43=TEXT(TODAY(),"mmmm"),"Yes","No") -> No | R43: IT | S43: =_xlfn.TEXTJOIN(",",TRUE,A43,B43,C43,"Salary -"&ROUND(I43,2),J43) -> EMP042,Anand,IT,Salary -71573.6,Active
A44: EMP043 | B44: Vijay | C44: IT | D44: 16/12/2022 | E44: 32797 | F44: Bangalore | G44: 0.12 | H44: =E44*G44 -> 3935.64 | I44: =E44+H44 -> 36732.64 | J44: =IF(I44>=25000,"Active","Probation") -> Active | K44: =IFERROR(DATEVALUE(D44),"") -> 44911 | L44: =DATEDIF(K44,TODAY(),"Y") -> 3 | M44: December | O44: Low Earner | P44: =IF(AND(J44="Active",G44>0.1,L44>=3),"Eligible","Not Eligible") -> Eligible | Q44: =IF(M44=TEXT(TODAY(),"mmmm"),"Yes","No") -> Yes | R44: IT | S44: =_xlfn.TEXTJOIN(",",TRUE,A44,B44,C44,"Salary -"&ROUND(I44,2),J44) -> EMP043,Vijay,IT,Salary -36732.64,Active
A45: EMP044 | B45: Madhan | C45: Support | D45: 26/03/2024 | E45: 50136 | F45: Bangalore | G45: 0.07 | H45: =E45*G45 -> 3509.52 | I45: =E45+H45 -> 53645.52 | J45: =IF(I45>=25000,"Active","Probation") -> Active | K45: =IFERROR(DATEVALUE(D45),"") -> 45377 | L45: =DATEDIF(K45,TODAY(),"Y") -> 1 | M45: March | O45: Mid Earner | P45: =IF(AND(J45="Active",G45>0.1,L45>=3),"Eligible","Not Eligible") -> Not Eligible | Q45: =IF(M45=TEXT(TODAY(),"mmmm"),"Yes","No") -> No | R45: Su | S45: =_xlfn.TEXTJOIN(",",TRUE,A45,B45,C45,"Salary -"&ROUND(I45,2),J45) -> EMP044,Madhan,Support,Salary -53645.52,Active
A46: EMP045 | B46: Vimal | C46: IT | D46: 30/09/2021 | E46: 59376 | F46: Delhi | G46: 0.12 | H46: =E46*G46 -> 7125.12 | I46: =E46+H46 -> 66501.12 | J46: =IF(I46>=25000,"Active","Probation") -> Active | K46: =IFERROR(DATEVALUE(D46),"") -> 44469 | L46: =DATEDIF(K46,TODAY(),"Y") -> 4 | M46: September | N46: High Bonus | O46: Top Earner | P46: =IF(AND(J46="Active",G46>0.1,L46>=3),"Eligible","Not Eligible") -> Eligible | Q46: =IF(M46=TEXT(TODAY(),"mmmm"),"Yes","No") -> No | R46: IT | S46: =_xlfn.TEXTJOIN(",",TRUE,A46,B46,C46,"Salary -"&ROUND(I46,2),J46) -> EMP045,Vimal,IT,Salary -66501.12,Active
A47: EMP046 | B47: Akash | C47: Support | D47: 16/01/2025 | E47: 47276 | F47: Bangalore | G47: 0.07 | H47: =E47*G47 -> 3309.32 | I47: =E47+H47 -> 50585.32 | J47: =IF(I47>=25000,"Active","Probation") -> Active | K47: =IFERROR(DATEVALUE(D47),"") -> 45673 | L47: =DATEDIF(K47,TODAY(),"Y") -> 0 | M47: January | O47: Mid Earner | P47: =IF(AND(J47="Active",G47>0.1,L47>=3),"Eligible","Not Eligible") -> Not Eligible | Q47: =IF(M47=TEXT(TODAY(),"mmmm"),"Yes","No") -> No | R47: Su | S47: =_xlfn.TEXTJOIN(",",TRUE,A47,B47,C47,"Salary -"&ROUND(I47,2),J47) -> EMP046,Akash,Support,Salary -50585.32,Active
A48: EMP047 | B48: Saravanan | C48: HR | D48: 44320 | E48: 50725 | F48: Chennai | G48: 0.08 | H48: =E48*G48 -> 4058 | I48: =E48+H48 -> 54783 | J48: =IF(I48>=25000,"Active","Probation") -> Active | K48: 44320 | L48: =DATEDIF(K48,TODAY(),"Y") -> 4 | M48: May | O48: Mid Earner | P48: =IF(AND(J48="Active",G48>0.1,L48>=3),"Eligible","Not Eligible") -> Not Eligible | Q48: =IF(M48=TEXT(TODAY(),"mmmm"),"Yes","No") -> No | R48: HR | S48: =_xlfn.TEXTJOIN(",",TRUE,A48,B48,C48,"Salary -"&ROUND(I48,2),J48) -> EMP047,Saravanan,HR,Salary -54783,Active
A49: EMP048 | B49: Karthik | C49: HR | D49: 45140 | E49: 61620 | F49: Mumbai | G49: 0.08 | H49: =E49*G49 -> 4929.6 | I49: =E49+H49 -> 66549.6 | J49: =IF(I49>=25000,"Active","Probation") -> Active | K49: 45140 | L49: =DATEDIF(K49,TODAY(),"Y") -> 2 | M49: August | O49: Top Earner | P49: =IF(AND(J49="Active",G49>0.1,L49>=3),"Eligible","Not Eligible") -> Not Eligible | Q49: =IF(M49=TEXT(TODAY(),"mmmm"),"Yes","No") -> No | R49: HR | S49: =_xlfn.TEXTJOIN(",",TRUE,A49,B49,C49,"Salary -"&ROUND(I49,2),J49) -> EMP048,Karthik,HR,Salary -66549.6,Active
A50: EMP049 | B50: Dinesh | C50: Support | D50: 25/05/2020 | E50: 57835 | F50: Bangalore | G50: 0.07 | H50: =E50*G50 -> 4048.45 | I50: =E50+H50 -> 61883.45 | J50: =IF(I50>=25000,"Active","Probation") -> Active | K50: =IFERROR(DATEVALUE(D50),"") -> 43976 | L50: =DATEDIF(K50,TODAY(),"Y") -> 5 | M50: May | O50: Top Earner | P50: =IF(AND(J50="Active",G50>0.1,L50>=3),"Eligible","Not Eligible") -> Not Eligible | Q50: =IF(M50=TEXT(TODAY(),"mmmm"),"Yes","No") -> No | R50: Su | S50: =_xlfn.TEXTJOIN(",",TRUE,A50,B50,C50,"Salary -"&ROUND(I50,2),J50) -> EMP049,Dinesh,Support,Salary -61883.45,Active
A51: EMP050 | B51: Ravi | C51: Marketing | D51: 18/05/2020 | E51: 58093 | F51: Pune | G51: 0.09 | H51: =E51*G51 -> 5228.37 | I51: =E51+H51 -> 63321.37 | J51: =IF(I51>=25000,"Active","Probation") -> Active | K51: =IFERROR(DATEVALUE(D51),"") -> 43969 | L51: =DATEDIF(K51,TODAY(),"Y") -> 5 | M51: May | N51: High Bonus | O51: Top Earner | P51: =IF(AND(J51="Active",G51>0.1,L51>=3),"Eligible","Not Eligible") -> Not Eligible | Q51: =IF(M51=TEXT(TODAY(),"mmmm"),"Yes","No") -> No | R51: Ma | S51: =_xlfn.TEXTJOIN(",",TRUE,A51,B51,C51,"Salary -"&ROUND(I51,2),J51) -> EMP050,Ravi,Marketing,Salary -63321.37,Active
A52: EMP051 | B52: Manoj | C52: Support | D52: 44232 | E52: 57496 | F52: Pune | G52: 0.07 | H52: =E52*G52 -> 4024.72 | I52: =E52+H52 -> 61520.72 | J52: =IF(I52>=25000,"Active","Probation") -> Active | K52: 44232 | L52: =DATEDIF(K52,TODAY(),"Y") -> 4 | M52: February | O52: Top Earner | P52: =IF(AND(J52="Active",G52>0.1,L52>=3),"Eligible","Not Eligible") -> Not Eligible | Q52: =IF(M52=TEXT(TODAY(),"mmmm"),"Yes","No") -> No | R52: Su | S52: =_xlfn.TEXTJOIN(",",TRUE,A52,B52,C52,"Salary -"&ROUND(I52,2),J52) -> EMP051,Manoj,Support,Salary -61520.72,Active
A53: EMP052 | B53: Madhan | C53: Support | D53: 45170 | E53: 32673 | F53: Pune | G53: 0.07 | H53: =E53*G53 -> 2287.11 | I53: =E53+H53 -> 34960.11 | J53: =IF(I53>=25000,"Active","Probation") -> Active | K53: 45170 | L53: =DATEDIF(K53,TODAY(),"Y") -> 2 | M53: September | O53: Low Earner | P53: =IF(AND(J53="Active",G53>0.1,L53>=3),"Eligible","Not Eligible") -> Not Eligible | Q53: =IF(M53=TEXT(TODAY(),"mmmm"),"Yes","No") -> No | R53: Su | S53: =_xlfn.TEXTJOIN(",",TRUE,A53,B53,C53,"Salary -"&ROUND(I53,2),J53) -> EMP052,Madhan,Support,Salary -34960.11,Active
A54: EMP053 | B54: Surya | C54: Marketing | D54: 44535 | E54: 61867 | F54: Mumbai | G54: 0.09 | H54: =E54*G54 -> 5568.03 | I54: =E54+H54 -> 67435.03 | J54: =IF(I54>=25000,"Active","Probation") -> Active | K54: 44535 | L54: =DATEDIF(K54,TODAY(),"Y") -> 4 | M54: December | N54: High Bonus | O54: Top Earner | P54: =IF(AND(J54="Active",G54>0.1,L54>=3),"Eligible","Not Eligible") -> Not Eligible | Q54: =IF(M54=TEXT(TODAY(),"mmmm"),"Yes","No") -> Yes | R54: Ma | S54: =_xlfn.TEXTJOIN(",",TRUE,A54,B54,C54,"Salary -"&ROUND(I54,2),J54) -> EMP053,Surya,Marketing,Salary -67435.03,Active
A55: EMP054 | B55: Madhan | C55: Marketing | D55: 17/07/2020 | E55: 31957 | F55: Delhi | G55: 0.09 | H55: =E55*G55 -> 2876.13 | I55: =E55+H55 -> 34833.13 | J55: =IF(I55>=25000,"Active","Probation") -> Active | K55: =IFERROR(DATEVALUE(D55),"") -> 44029 | L55: =DATEDIF(K55,TODAY(),"Y") -> 5 | M55: July | O55: Low Earner | P55: =IF(AND(J55="Active",G55>0.1,L55>=3),"Eligible","Not Eligible") -> Not Eligible | Q55: =IF(M55=TEXT(TODAY(),"mmmm"),"Yes","No") -> No | R55: Ma | S55: =_xlfn.TEXTJOIN(",",TRUE,A55,B55,C55,"Salary -"&ROUND(I55,2),J55) -> EMP054,Madhan,Marketing,Salary -34833.13,Active
A56: EMP055 | B56: Vimal | C56: Marketing | D56: 21/04/2022 | E56: 55669 | F56: Chennai | G56: 0.09 | H56: =E56*G56 -> 5010.21 | I56: =E56+H56 -> 60679.21 | J56: =IF(I56>=25000,"Active","Probation") -> Active | K56: =IFERROR(DATEVALUE(D56),"") -> 44672 | L56: =DATEDIF(K56,TODAY(),"Y") -> 3 | M56: April | N56: High Bonus | O56: Top Earner | P56: =IF(AND(J56="Active",G56>0.1,L56>=3),"Eligible","Not Eligible") -> Not Eligible | Q56: =IF(M56=TEXT(TODAY(),"mmmm"),"Yes","No") -> No | R56: Ma | S56: =_xlfn.TEXTJOIN(",",TRUE,A56,B56,C56,"Salary -"&ROUND(I56,2),J56) -> EMP055,Vimal,Marketing,Salary -60679.21,Active
A57: EMP056 | B57: Gokul | C57: Sales | D57: 44655 | E57: 32124 | F57: Chennai | G57: 0.15 | H57: =E57*G57 -> 4818.6 | I57: =E57+H57 -> 36942.6 | J57: =IF(I57>=25000,"Active","Probation") -> Active | K57: 44655 | L57: =DATEDIF(K57,TODAY(),"Y") -> 3 | M57: April | O57: Low Earner | P57: =IF(AND(J57="Active",G57>0.1,L57>=3),"Eligible","Not Eligible") -> Eligible | Q57: =IF(M57=TEXT(TODAY(),"mmmm"),"Yes","No") -> No | R57: Sa | S57: =_xlfn.TEXTJOIN(",",TRUE,A57,B57,C57,"Salary -"&ROUND(I57,2),J57) -> EMP056,Gokul,Sales,Salary -36942.6,Active
A58: EMP057 | B58: Bala | C58: HR | D58: 27/01/2021 | E58: 33473 | F58: Delhi | G58: 0.08 | H58: =E58*G58 -> 2677.84 | I58: =E58+H58 -> 36150.84 | J58: =IF(I58>=25000,"Active","Probation") -> Active | K58: =IFERROR(DATEVALUE(D58),"") -> 44223 | L58: =DATEDIF(K58,TODAY(),"Y") -> 4 | M58: January | O58: Low Earner | P58: =IF(AND(J58="Active",G58>0.1,L58>=3),"Eligible","Not Eligible") -> Not Eligible | Q58: =IF(M58=TEXT(TODAY(),"mmmm"),"Yes","No") -> No | R58: HR | S58: =_xlfn.TEXTJOIN(",",TRUE,A58,B58,C58,"Salary -"&ROUND(I58,2),J58) -> EMP057,Bala,HR,Salary -36150.84,Active
A59: EMP058 | B59: Kiran | C59: IT | D59: 14/05/2022 | E59: 41697 | F59: Delhi | G59: 0.12 | H59: =E59*G59 -> 5003.64 | I59: =E59+H59 -> 46700.64 | J59: =IF(I59>=25000,"Active","Probation") -> Active | K59: =IFERROR(DATEVALUE(D59),"") -> 44695 | L59: =DATEDIF(K59,TODAY(),"Y") -> 3 | M59: May | N59: High Bonus | O59: Mid Earner | P59: =IF(AND(J59="Active",G59>0.1,L59>=3),"Eligible","Not Eligible") -> Eligible | Q59: =IF(M59=TEXT(TODAY(),"mmmm"),"Yes","No") -> No | R59: IT | S59: =_xlfn.TEXTJOIN(",",TRUE,A59,B59,C59,"Salary -"&ROUND(I59,2),J59) -> EMP058,Kiran,IT,Salary -46700.64,Active
A60: EMP059 | B60: Ramesh | C60: HR | D60: 25/11/2024 | E60: 18891 | F60: Chennai | G60: 0.08 | H60: =E60*G60 -> 1511.28 | I60: =E60+H60 -> 20402.28 | J60: =IF(I60>=25000,"Active","Probation") -> Probation | K60: =IFERROR(DATEVALUE(D60),"") -> 45621 | L60: =DATEDIF(K60,TODAY(),"Y") -> 1 | M60: November | O60: Low Earner | P60: =IF(AND(J60="Active",G60>0.1,L60>=3),"Eligible","Not Eligible") -> Not Eligible | Q60: =IF(M60=TEXT(TODAY(),"mmmm"),"Yes","No") -> No | R60: HR | S60: =_xlfn.TEXTJOIN(",",TRUE,A60,B60,C60,"Salary -"&ROUND(I60,2),J60) -> EMP059,Ramesh,HR,Salary -20402.28,Probation
A61: EMP060 | B61: Anand | C61: HR | D61: 13/04/2020 | E61: 58374 | F61: Delhi | G61: 0.08 | H61: =E61*G61 -> 4669.92 | I61: =E61+H61 -> 63043.92 | J61: =IF(I61>=25000,"Active","Probation") -> Active | K61: =IFERROR(DATEVALUE(D61),"") -> 43934 | L61: =DATEDIF(K61,TODAY(),"Y") -> 5 | M61: April | O61: Top Earner | P61: =IF(AND(J61="Active",G61>0.1,L61>=3),"Eligible","Not Eligible") -> Not Eligible | Q61: =IF(M61=TEXT(TODAY(),"mmmm"),"Yes","No") -> No | R61: HR | S61: =_xlfn.TEXTJOIN(",",TRUE,A61,B61,C61,"Salary -"&ROUND(I61,2),J61) -> EMP060,Anand,HR,Salary -63043.92,Active
A62: EMP061 | B62: Ravi | C62: Marketing | D62: 45994 | E62: 43982 | F62: Bangalore | G62: 0.09 | H62: =E62*G62 -> 3958.38 | I62: =E62+H62 -> 47940.38 | J62: =IF(I62>=25000,"Active","Probation") -> Active | K62: 45994 | L62: =IF(K62>TODAY(),0,DATEDIF(K62,TODAY(),"Y")) -> 0 | M62: December | O62: Mid Earner | P62: =IF(AND(J62="Active",G62>0.1,L62>=3),"Eligible","Not Eligible") -> Not Eligible | Q62: =IF(M62=TEXT(TODAY(),"mmmm"),"Yes","No") -> Yes | R62: Ma | S62: =_xlfn.TEXTJOIN(",",TRUE,A62,B62,C62,"Salary -"&ROUND(I62,2),J62) -> EMP061,Ravi,Marketing,Salary -47940.38,Active
A63: EMP062 | B63: Karthik | C63: Support | D63: 44904 | E63: 42936 | F63: Delhi | G63: 0.07 | H63: =E63*G63 -> 3005.52 | I63: =E63+H63 -> 45941.52 | J63: =IF(I63>=25000,"Active","Probation") -> Active | K63: 44904 | L63: =DATEDIF(K63,TODAY(),"Y") -> 3 | M63: December | O63: Mid Earner | P63: =IF(AND(J63="Active",G63>0.1,L63>=3),"Eligible","Not Eligible") -> Not Eligible | Q63: =IF(M63=TEXT(TODAY(),"mmmm"),"Yes","No") -> Yes | R63: Su | S63: =_xlfn.TEXTJOIN(",",TRUE,A63,B63,C63,"Salary -"&ROUND(I63,2),J63) -> EMP062,Karthik,Support,Salary -45941.52,Active
A64: EMP063 | B64: Karthik | C64: Marketing | D64: 15/02/2022 | E64: 34598 | F64: Pune | G64: 0.09 | H64: =E64*G64 -> 3113.82 | I64: =E64+H64 -> 37711.82 | J64: =IF(I64>=25000,"Active","Probation") -> Active | K64: =IFERROR(DATEVALUE(D64),"") -> 44607 | L64: =DATEDIF(K64,TODAY(),"Y") -> 3 | M64: February | O64: Low Earner | P64: =IF(AND(J64="Active",G64>0.1,L64>=3),"Eligible","Not Eligible") -> Not Eligible | Q64: =IF(M64=TEXT(TODAY(),"mmmm"),"Yes","No") -> No | R64: Ma | S64: =_xlfn.TEXTJOIN(",",TRUE,A64,B64,C64,"Salary -"&ROUND(I64,2),J64) -> EMP063,Karthik,Marketing,Salary -37711.82,Active
A65: EMP064 | B65: Rajesh | C65: HR | D65: 44385 | E65: 60448 | F65: Bangalore | G65: 0.08 | H65: =E65*G65 -> 4835.84 | I65: =E65+H65 -> 65283.84 | J65: =IF(I65>=25000,"Active","Probation") -> Active | K65: 44385 | L65: =DATEDIF(K65,TODAY(),"Y") -> 4 | M65: July | O65: Top Earner | P65: =IF(AND(J65="Active",G65>0.1,L65>=3),"Eligible","Not Eligible") -> Not Eligible | Q65: =IF(M65=TEXT(TODAY(),"mmmm"),"Yes","No") -> No | R65: HR | S65: =_xlfn.TEXTJOIN(",",TRUE,A65,B65,C65,"Salary -"&ROUND(I65,2),J65) -> EMP064,Rajesh,HR,Salary -65283.84,Active
A66: EMP065 | B66: Bala | C66: Support | D66: 45597 | E66: 47317 | F66: Mumbai | G66: 0.07 | H66: =E66*G66 -> 3312.19 | I66: =E66+H66 -> 50629.19 | J66: =IF(I66>=25000,"Active","Probation") -> Active | K66: 45597 | L66: =DATEDIF(K66,TODAY(),"Y") -> 1 | M66: November | O66: Mid Earner | P66: =IF(AND(J66="Active",G66>0.1,L66>=3),"Eligible","Not Eligible") -> Not Eligible | Q66: =IF(M66=TEXT(TODAY(),"mmmm"),"Yes","No") -> No | R66: Su | S66: =_xlfn.TEXTJOIN(",",TRUE,A66,B66,C66,"Salary -"&ROUND(I66,2),J66) -> EMP065,Bala,Support,Salary -50629.19,Active
A67: EMP066 | B67: Karthik | C67: Sales | D67: 21/03/2021 | E67: 33492 | F67: Chennai | G67: 0.15 | H67: =E67*G67 -> 5023.8 | I67: =E67+H67 -> 38515.8 | J67: =IF(I67>=25000,"Active","Probation") -> Active | K67: =IFERROR(DATEVALUE(D67),"") -> 44276 | L67: =DATEDIF(K67,TODAY(),"Y") -> 4 | M67: March | N67: High Bonus | O67: Low Earner | P67: =IF(AND(J67="Active",G67>0.1,L67>=3),"Eligible","Not Eligible") -> Eligible | Q67: =IF(M67=TEXT(TODAY(),"mmmm"),"Yes","No") -> No | R67: Sa | S67: =_xlfn.TEXTJOIN(",",TRUE,A67,B67,C67,"Salary -"&ROUND(I67,2),J67) -> EMP066,Karthik,Sales,Salary -38515.8,Active
A68: EMP067 | B68: Akash | C68: IT | D68: 45599 | E68: 21562 | F68: Bangalore | G68: 0.12 | H68: =E68*G68 -> 2587.44 | I68: =E68+H68 -> 24149.44 | J68: =IF(I68>=25000,"Active","Probation") -> Probation | K68: 45599 | L68: =DATEDIF(K68,TODAY(),"Y") -> 1 | M68: November | O68: Low Earner | P68: =IF(AND(J68="Active",G68>0.1,L68>=3),"Eligible","Not Eligible") -> Not Eligible | Q68: =IF(M68=TEXT(TODAY(),"mmmm"),"Yes","No") -> No | R68: IT | S68: =_xlfn.TEXTJOIN(",",TRUE,A68,B68,C68,"Salary -"&ROUND(I68,2),J68) -> EMP067,Akash,IT,Salary -24149.44,Probation
A69: EMP068 | B69: Manoj | C69: Support | D69: 44629 | E69: 52064 | F69: Bangalore | G69: 0.07 | H69: =E69*G69 -> 3644.48 | I69: =E69+H69 -> 55708.48 | J69: =IF(I69>=25000,"Active","Probation") -> Active | K69: 44629 | L69: =DATEDIF(K69,TODAY(),"Y") -> 3 | M69: March | O69: Mid Earner | P69: =IF(AND(J69="Active",G69>0.1,L69>=3),"Eligible","Not Eligible") -> Not Eligible | Q69: =IF(M69=TEXT(TODAY(),"mmmm"),"Yes","No") -> No | R69: Su | S69: =_xlfn.TEXTJOIN(",",TRUE,A69,B69,C69,"Salary -"&ROUND(I69,2),J69) -> EMP068,Manoj,Support,Salary -55708.48,Active
A70: EMP069 | B70: Vimal | C70: Sales | D70: 21/05/2025 | E70: 58166 | F70: Chennai | G70: 0.15 | H70: =E70*G70 -> 8724.9 | I70: =E70+H70 -> 66890.9 | J70: =IF(I70>=25000,"Active","Probation") -> Active | K70: =IFERROR(DATEVALUE(D70),"") -> 45798 | L70: =DATEDIF(K70,TODAY(),"Y") -> 0 | M70: May | N70: High Bonus | O70: Top Earner | P70: =IF(AND(J70="Active",G70>0.1,L70>=3),"Eligible","Not Eligible") -> Not Eligible | Q70: =IF(M70=TEXT(TODAY(),"mmmm"),"Yes","No") -> No | R70: Sa | S70: =_xlfn.TEXTJOIN(",",TRUE,A70,B70,C70,"Salary -"&ROUND(I70,2),J70) -> EMP069,Vimal,Sales,Salary -66890.9,Active
A71: EMP070 | B71: Bala | C71: Sales | D71: 44990 | E71: 63781 | F71: Chennai | G71: 0.15 | H71: =E71*G71 -> 9567.15 | I71: =E71+H71 -> 73348.15 | J71: =IF(I71>=25000,"Active","Probation") -> Active | K71: 44990 | L71: =DATEDIF(K71,TODAY(),"Y") -> 2 | M71: March | N71: High Bonus | O71: Top Earner | P71: =IF(AND(J71="Active",G71>0.1,L71>=3),"Eligible","Not Eligible") -> Not Eligible | Q71: =IF(M71=TEXT(TODAY(),"mmmm"),"Yes","No") -> No | R71: Sa | S71: =_xlfn.TEXTJOIN(",",TRUE,A71,B71,C71,"Salary -"&ROUND(I71,2),J71) -> EMP070,Bala,Sales,Salary -73348.15,Active
A72: EMP071 | B72: Arjun | C72: HR | D72: 43870 | E72: 19597 | F72: Bangalore | G72: 0.08 | H72: =E72*G72 -> 1567.76 | I72: =E72+H72 -> 21164.76 | J72: =IF(I72>=25000,"Active","Probation") -> Probation | K72: 43870 | L72: =DATEDIF(K72,TODAY(),"Y") -> 5 | M72: February | O72: Low Earner | P72: =IF(AND(J72="Active",G72>0.1,L72>=3),"Eligible","Not Eligible") -> Not Eligible | Q72: =IF(M72=TEXT(TODAY(),"mmmm"),"Yes","No") -> No | R72: HR | S72: =_xlfn.TEXTJOIN(",",TRUE,A72,B72,C72,"Salary -"&ROUND(I72,2),J72) -> EMP071,Arjun,HR,Salary -21164.76,Probation
A73: EMP072 | B73: Madhan | C73: Marketing | D73: 22/03/2020 | E73: 22774 | F73: Delhi | G73: 0.09 | H73: =E73*G73 -> 2049.66 | I73: =E73+H73 -> 24823.66 | J73: =IF(I73>=25000,"Active","Probation") -> Probation | K73: =IFERROR(DATEVALUE(D73),"") -> 43912 | L73: =DATEDIF(K73,TODAY(),"Y") -> 5 | M73: March | O73: Low Earner | P73: =IF(AND(J73="Active",G73>0.1,L73>=3),"Eligible","Not Eligible") -> Not Eligible | Q73: =IF(M73=TEXT(TODAY(),"mmmm"),"Yes","No") -> No | R73: Ma | S73: =_xlfn.TEXTJOIN(",",TRUE,A73,B73,C73,"Salary -"&ROUND(I73,2),J73) -> EMP072,Madhan,Marketing,Salary -24823.66,Probation
A74: EMP073 | B74: Dinesh | C74: Support | D74: 45203 | E74: 32229 | F74: Bangalore | G74: 0.07 | H74: =E74*G74 -> 2256.03 | I74: =E74+H74 -> 34485.03 | J74: =IF(I74>=25000,"Active","Probation") -> Active | K74: 45203 | L74: =DATEDIF(K74,TODAY(),"Y") -> 2 | M74: October | O74: Low Earner | P74: =IF(AND(J74="Active",G74>0.1,L74>=3),"Eligible","Not Eligible") -> Not Eligible | Q74: =IF(M74=TEXT(TODAY(),"mmmm"),"Yes","No") -> No | R74: Su | S74: =_xlfn.TEXTJOIN(",",TRUE,A74,B74,C74,"Salary -"&ROUND(I74,2),J74) -> EMP073,Dinesh,Support,Salary -34485.03,Active
A75: EMP074 | B75: Ramesh | C75: HR | D75: 22/02/2021 | E75: 50977 | F75: Bangalore | G75: 0.08 | H75: =E75*G75 -> 4078.16 | I75: =E75+H75 -> 55055.16 | J75: =IF(I75>=25000,"Active","Probation") -> Active | K75: =IFERROR(DATEVALUE(D75),"") -> 44249 | L75: =DATEDIF(K75,TODAY(),"Y") -> 4 | M75: February | O75: Mid Earner | P75: =IF(AND(J75="Active",G75>0.1,L75>=3),"Eligible","Not Eligible") -> Not Eligible | Q75: =IF(M75=TEXT(TODAY(),"mmmm"),"Yes","No") -> No | R75: HR | S75: =_xlfn.TEXTJOIN(",",TRUE,A75,B75,C75,"Salary -"&ROUND(I75,2),J75) -> EMP074,Ramesh,HR,Salary -55055.16,Active
A76: EMP075 | B76: Akash | C76: Sales | D76: 27/06/2021 | E76: 49434 | F76: Pune | G76: 0.15 | H76: =E76*G76 -> 7415.1 | I76: =E76+H76 -> 56849.1 | J76: =IF(I76>=25000,"Active","Probation") -> Active | K76: =IFERROR(DATEVALUE(D76),"") -> 44374 | L76: =DATEDIF(K76,TODAY(),"Y") -> 4 | M76: June | N76: High Bonus | O76: Mid Earner | P76: =IF(AND(J76="Active",G76>0.1,L76>=3),"Eligible","Not Eligible") -> Eligible | Q76: =IF(M76=TEXT(TODAY(),"mmmm"),"Yes","No") -> No | R76: Sa | S76: =_xlfn.TEXTJOIN(",",TRUE,A76,B76,C76,"Salary -"&ROUND(I76,2),J76) -> EMP075,Akash,Sales,Salary -56849.1,Active
A77: EMP076 | B77: Vijay | C77: Sales | D77: 44449 | E77: 36232 | F77: Mumbai | G77: 0.15 | H77: =E77*G77 -> 5434.8 | I77: =E77+H77 -> 41666.8 | J77: =IF(I77>=25000,"Active","Probation") -> Active | K77: 44449 | L77: =DATEDIF(K77,TODAY(),"Y") -> 4 | M77: September | N77: High Bonus | O77: Mid Earner | P77: =IF(AND(J77="Active",G77>0.1,L77>=3),"Eligible","Not Eligible") -> Eligible | Q77: =IF(M77=TEXT(TODAY(),"mmmm"),"Yes","No") -> No | R77: Sa | S77: =_xlfn.TEXTJOIN(",",TRUE,A77,B77,C77,"Salary -"&ROUND(I77,2),J77) -> EMP076,Vijay,Sales,Salary -41666.8,Active
A78: EMP077 | B78: Saravanan | C78: Sales | D78: 27/02/2023 | E78: 48017 | F78: Chennai | G78: 0.15 | H78: =E78*G78 -> 7202.55 | I78: =E78+H78 -> 55219.55 | J78: =IF(I78>=25000,"Active","Probation") -> Active | K78: =IFERROR(DATEVALUE(D78),"") -> 44984 | L78: =DATEDIF(K78,TODAY(),"Y") -> 2 | M78: February | N78: High Bonus | O78: Mid Earner | P78: =IF(AND(J78="Active",G78>0.1,L78>=3),"Eligible","Not Eligible") -> Not Eligible | Q78: =IF(M78=TEXT(TODAY(),"mmmm"),"Yes","No") -> No | R78: Sa | S78: =_xlfn.TEXTJOIN(",",TRUE,A78,B78,C78,"Salary -"&ROUND(I78,2),J78) -> EMP077,Saravanan,Sales,Salary -55219.55,Active
A79: EMP078 | B79: Ramesh | C79: Sales | D79: 44603 | E79: 30636 | F79: Mumbai | G79: 0.15 | H79: =E79*G79 -> 4595.4 | I79: =E79+H79 -> 35231.4 | J79: =IF(I79>=25000,"Active","Probation") -> Active | K79: 44603 | L79: =DATEDIF(K79,TODAY(),"Y") -> 3 | M79: February | O79: Low Earner | P79: =IF(AND(J79="Active",G79>0.1,L79>=3),"Eligible","Not Eligible") -> Eligible | Q79: =IF(M79=TEXT(TODAY(),"mmmm"),"Yes","No") -> No | R79: Sa | S79: =_xlfn.TEXTJOIN(",",TRUE,A79,B79,C79,"Salary -"&ROUND(I79,2),J79) -> EMP078,Ramesh,Sales,Salary -35231.4,Active
A80: EMP079 | B80: Madhan | C80: IT | D80: 45424 | E80: 57366 | F80: Bangalore | G80: 0.12 | H80: =E80*G80 -> 6883.92 | I80: =E80+H80 -> 64249.92 | J80: =IF(I80>=25000,"Active","Probation") -> Active | K80: 45424 | L80: =DATEDIF(K80,TODAY(),"Y") -> 1 | M80: May | N80: High Bonus | O80: Top Earner | P80: =IF(AND(J80="Active",G80>0.1,L80>=3),"Eligible","Not Eligible") -> Not Eligible | Q80: =IF(M80=TEXT(TODAY(),"mmmm"),"Yes","No") -> No | R80: IT | S80: =_xlfn.TEXTJOIN(",",TRUE,A80,B80,C80,"Salary -"&ROUND(I80,2),J80) -> EMP079,Madhan,IT,Salary -64249.92,Active
A81: EMP080 | B81: Naveen | C81: HR | D81: 16/06/2022 | E81: 64307 | F81: Chennai | G81: 0.08 | H81: =E81*G81 -> 5144.56 | I81: =E81+H81 -> 69451.56 | J81: =IF(I81>=25000,"Active","Probation") -> Active | K81: =IFERROR(DATEVALUE(D81),"") -> 44728 | L81: =DATEDIF(K81,TODAY(),"Y") -> 3 | M81: June | N81: High Bonus | O81: Top Earner | P81: =IF(AND(J81="Active",G81>0.1,L81>=3),"Eligible","Not Eligible") -> Not Eligible | Q81: =IF(M81=TEXT(TODAY(),"mmmm"),"Yes","No") -> No | R81: HR | S81: =_xlfn.TEXTJOIN(",",TRUE,A81,B81,C81,"Salary -"&ROUND(I81,2),J81) -> EMP080,Naveen,HR,Salary -69451.56,Active
A82: EMP081 | B82: Dinesh | C82: IT | D82: 45572 | E82: 29030 | F82: Bangalore | G82: 0.12 | H82: =E82*G82 -> 3483.6 | I82: =E82+H82 -> 32513.6 | J82: =IF(I82>=25000,"Active","Probation") -> Active | K82: 45572 | L82: =DATEDIF(K82,TODAY(),"Y") -> 1 | M82: October | O82: Low Earner | P82: =IF(AND(J82="Active",G82>0.1,L82>=3),"Eligible","Not Eligible") -> Not Eligible | Q82: =IF(M82=TEXT(TODAY(),"mmmm"),"Yes","No") -> No | R82: IT | S82: =_xlfn.TEXTJOIN(",",TRUE,A82,B82,C82,"Salary -"&ROUND(I82,2),J82) -> EMP081,Dinesh,IT,Salary -32513.6,Active
A83: EMP082 | B83: Anand | C83: Sales | D83: 31/07/2024 | E83: 32493 | F83: Pune | G83: 0.15 | H83: =E83*G83 -> 4873.95 | I83: =E83+H83 -> 37366.95 | J83: =IF(I83>=25000,"Active","Probation") -> Active | K83: =IFERROR(DATEVALUE(D83),"") -> 45504 | L83: =DATEDIF(K83,TODAY(),"Y") -> 1 | M83: July | O83: Low Earner | P83: =IF(AND(J83="Active",G83>0.1,L83>=3),"Eligible","Not Eligible") -> Not Eligible | Q83: =IF(M83=TEXT(TODAY(),"mmmm"),"Yes","No") -> No | R83: Sa | S83: =_xlfn.TEXTJOIN(",",TRUE,A83,B83,C83,"Salary -"&ROUND(I83,2),J83) -> EMP082,Anand,Sales,Salary -37366.95,Active
A84: EMP083 | B84: Prakash | C84: Marketing | D84: 25/06/2021 | E84: 47677 | F84: Pune | G84: 0.09 | H84: =E84*G84 -> 4290.93 | I84: =E84+H84 -> 51967.93 | J84: =IF(I84>=25000,"Active","Probation") -> Active | K84: =IFERROR(DATEVALUE(D84),"") -> 44372 | L84: =DATEDIF(K84,TODAY(),"Y") -> 4 | M84: June | O84: Mid Earner | P84: =IF(AND(J84="Active",G84>0.1,L84>=3),"Eligible","Not Eligible") -> Not Eligible | Q84: =IF(M84=TEXT(TODAY(),"mmmm"),"Yes","No") -> No | R84: Ma | S84: =_xlfn.TEXTJOIN(",",TRUE,A84,B84,C84,"Salary -"&ROUND(I84,2),J84) -> EMP083,Prakash,Marketing,Salary -51967.93,Active
A85: EMP084 | B85: Manoj | C85: Finance | D85: 44507 | E85: 44247 | F85: Pune | G85: 0.1 | H85: =E85*G85 -> 4424.7 | I85: =E85+H85 -> 48671.7 | J85: =IF(I85>=25000,"Active","Probation") -> Active | K85: 44507 | L85: =DATEDIF(K85,TODAY(),"Y") -> 4 | M85: November | O85: Mid Earner | P85: =IF(AND(J85="Active",G85>0.1,L85>=3),"Eligible","Not Eligible") -> Not Eligible | Q85: =IF(M85=TEXT(TODAY(),"mmmm"),"Yes","No") -> No | R85: Fi | S85: =_xlfn.TEXTJOIN(",",TRUE,A85,B85,C85,"Salary -"&ROUND(I85,2),J85) -> EMP084,Manoj,Finance,Salary -48671.7,Active
A86: EMP085 | B86: Karthik | C86: Support | D86: 44267 | E86: 59630 | F86: Mumbai | G86: 0.07 | H86: =E86*G86 -> 4174.1 | I86: =E86+H86 -> 63804.1 | J86: =IF(I86>=25000,"Active","Probation") -> Active | K86: 44267 | L86: =DATEDIF(K86,TODAY(),"Y") -> 4 | M86: March | O86: Top Earner | P86: =IF(AND(J86="Active",G86>0.1,L86>=3),"Eligible","Not Eligible") -> Not Eligible | Q86: =IF(M86=TEXT(TODAY(),"mmmm"),"Yes","No") -> No | R86: Su | S86: =_xlfn.TEXTJOIN(",",TRUE,A86,B86,C86,"Salary -"&ROUND(I86,2),J86) -> EMP085,Karthik,Support,Salary -63804.1,Active
A87: EMP086 | B87: Prakash | C87: Sales | D87: 27/09/2022 | E87: 62898 | F87: Pune | G87: 0.15 | H87: =E87*G87 -> 9434.7 | I87: =E87+H87 -> 72332.7 | J87: =IF(I87>=25000,"Active","Probation") -> Active | K87: =IFERROR(DATEVALUE(D87),"") -> 44831 | L87: =DATEDIF(K87,TODAY(),"Y") -> 3 | M87: September | N87: High Bonus | O87: Top Earner | P87: =IF(AND(J87="Active",G87>0.1,L87>=3),"Eligible","Not Eligible") -> Eligible | Q87: =IF(M87=TEXT(TODAY(),"mmmm"),"Yes","No") -> No | R87: Sa | S87: =_xlfn.TEXTJOIN(",",TRUE,A87,B87,C87,"Salary -"&ROUND(I87,2),J87) -> EMP086,Prakash,Sales,Salary -72332.7,Active
A88: EMP087 | B88: Prakash | C88: Finance | D88: 17/05/2022 | E88: 40492 | F88: Bangalore | G88: 0.1 | H88: =E88*G88 -> 4049.2 | I88: =E88+H88 -> 44541.2 | J88: =IF(I88>=25000,"Active","Probation") -> Active | K88: =IFERROR(DATEVALUE(D88),"") -> 44698 | L88: =DATEDIF(K88,TODAY(),"Y") -> 3 | M88: May | O88: Mid Earner | P88: =IF(AND(J88="Active",G88>0.1,L88>=3),"Eligible","Not Eligible") -> Not Eligible | Q88: =IF(M88=TEXT(TODAY(),"mmmm"),"Yes","No") -> No | R88: Fi | S88: =_xlfn.TEXTJOIN(",",TRUE,A88,B88,C88,"Salary -"&ROUND(I88,2),J88) -> EMP087,Prakash,Finance,Salary -44541.2,Active
A89: EMP088 | B89: Ramesh | C89: Finance | D89: 28/04/2024 | E89: 29652 | F89: Chennai | G89: 0.1 | H89: =E89*G89 -> 2965.2 | I89: =E89+H89 -> 32617.2 | J89: =IF(I89>=25000,"Active","Probation") -> Active | K89: =IFERROR(DATEVALUE(D89),"") -> 45410 | L89: =DATEDIF(K89,TODAY(),"Y") -> 1 | M89: April | O89: Low Earner | P89: =IF(AND(J89="Active",G89>0.1,L89>=3),"Eligible","Not Eligible") -> Not Eligible | Q89: =IF(M89=TEXT(TODAY(),"mmmm"),"Yes","No") -> No | R89: Fi | S89: =_xlfn.TEXTJOIN(",",TRUE,A89,B89,C89,"Salary -"&ROUND(I89,2),J89) -> EMP088,Ramesh,Finance,Salary -32617.2,Active
A90: EMP089 | B90: Ravi | C90: IT | D90: 27/02/2024 | E90: 43349 | F90: Bangalore | G90: 0.12 | H90: =E90*G90 -> 5201.88 | I90: =E90+H90 -> 48550.88 | J90: =IF(I90>=25000,"Active","Probation") -> Active | K90: =IFERROR(DATEVALUE(D90),"") -> 45349 | L90: =DATEDIF(K90,TODAY(),"Y") -> 1 | M90: February | N90: High Bonus | O90: Mid Earner | P90: =IF(AND(J90="Active",G90>0.1,L90>=3),"Eligible","Not Eligible") -> Not Eligible | Q90: =IF(M90=TEXT(TODAY(),"mmmm"),"Yes","No") -> No | R90: IT | S90: =_xlfn.TEXTJOIN(",",TRUE,A90,B90,C90,"Salary -"&ROUND(I90,2),J90) -> EMP089,Ravi,IT,Salary -48550.88,Active
A91: EMP090 | B91: Arjun | C91: Support | D91: 20/01/2020 | E91: 53823 | F91: Pune | G91: 0.07 | H91: =E91*G91 -> 3767.61 | I91: =E91+H91 -> 57590.61 | J91: =IF(I91>=25000,"Active","Probation") -> Active | K91: =IFERROR(DATEVALUE(D91),"") -> 43850 | L91: =DATEDIF(K91,TODAY(),"Y") -> 5 | M91: January | O91: Mid Earner | P91: =IF(AND(J91="Active",G91>0.1,L91>=3),"Eligible","Not Eligible") -> Not Eligible | Q91: =IF(M91=TEXT(TODAY(),"mmmm"),"Yes","No") -> No | R91: Su | S91: =_xlfn.TEXTJOIN(",",TRUE,A91,B91,C91,"Salary -"&ROUND(I91,2),J91) -> EMP090,Arjun,Support,Salary -57590.61,Active
A92: EMP091 | B92: Karthik | C92: Finance | D92: 14/03/2020 | E92: 61758 | F92: Mumbai | G92: 0.1 | H92: =E92*G92 -> 6175.8 | I92: =E92+H92 -> 67933.8 | J92: =IF(I92>=25000,"Active","Probation") -> Active | K92: =IFERROR(DATEVALUE(D92),"") -> 43904 | L92: =DATEDIF(K92,TODAY(),"Y") -> 5 | M92: March | N92: High Bonus | O92: Top Earner | P92: =IF(AND(J92="Active",G92>0.1,L92>=3),"Eligible","Not Eligible") -> Not Eligible | Q92: =IF(M92=TEXT(TODAY(),"mmmm"),"Yes","No") -> No | R92: Fi | S92: =_xlfn.TEXTJOIN(",",TRUE,A92,B92,C92,"Salary -"&ROUND(I92,2),J92) -> EMP091,Karthik,Finance,Salary -67933.8,Active
A93: EMP092 | B93: Kiran | C93: Marketing | D93: 30/05/2022 | E93: 25387 | F93: Delhi | G93: 0.09 | H93: =E93*G93 -> 2284.83 | I93: =E93+H93 -> 27671.83 | J93: =IF(I93>=25000,"Active","Probation") -> Active | K93: =IFERROR(DATEVALUE(D93),"") -> 44711 | L93: =DATEDIF(K93,TODAY(),"Y") -> 3 | M93: May | O93: Low Earner | P93: =IF(AND(J93="Active",G93>0.1,L93>=3),"Eligible","Not Eligible") -> Not Eligible | Q93: =IF(M93=TEXT(TODAY(),"mmmm"),"Yes","No") -> No | R93: Ma | S93: =_xlfn.TEXTJOIN(",",TRUE,A93,B93,C93,"Salary -"&ROUND(I93,2),J93) -> EMP092,Kiran,Marketing,Salary -27671.83,Active
A94: EMP093 | B94: Kiran | C94: Support | D94: 15/01/2025 | E94: 21129 | F94: Delhi | G94: 0.07 | H94: =E94*G94 -> 1479.03 | I94: =E94+H94 -> 22608.03 | J94: =IF(I94>=25000,"Active","Probation") -> Probation | K94: =IFERROR(DATEVALUE(D94),"") -> 45672 | L94: =DATEDIF(K94,TODAY(),"Y") -> 0 | M94: January | O94: Low Earner | P94: =IF(AND(J94="Active",G94>0.1,L94>=3),"Eligible","Not Eligible") -> Not Eligible | Q94: =IF(M94=TEXT(TODAY(),"mmmm"),"Yes","No") -> No | R94: Su | S94: =_xlfn.TEXTJOIN(",",TRUE,A94,B94,C94,"Salary -"&ROUND(I94,2),J94) -> EMP093,Kiran,Support,Salary -22608.03,Probation
A95: EMP094 | B95: Akash | C95: Marketing | D95: 26/05/2021 | E95: 30606 | F95: Delhi | G95: 0.09 | H95: =E95*G95 -> 2754.54 | I95: =E95+H95 -> 33360.54 | J95: =IF(I95>=25000,"Active","Probation") -> Active | K95: =IFERROR(DATEVALUE(D95),"") -> 44342 | L95: =DATEDIF(K95,TODAY(),"Y") -> 4 | M95: May | O95: Low Earner | P95: =IF(AND(J95="Active",G95>0.1,L95>=3),"Eligible","Not Eligible") -> Not Eligible | Q95: =IF(M95=TEXT(TODAY(),"mmmm"),"Yes","No") -> No | R95: Ma | S95: =_xlfn.TEXTJOIN(",",TRUE,A95,B95,C95,"Salary -"&ROUND(I95,2),J95) -> EMP094,Akash,Marketing,Salary -33360.54,Active
A96: EMP095 | B96: Ravi | C96: IT | D96: 15/12/2024 | E96: 43957 | F96: Chennai | G96: 0.12 | H96: =E96*G96 -> 5274.84 | I96: =E96+H96 -> 49231.84 | J96: =IF(I96>=25000,"Active","Probation") -> Active | K96: =IFERROR(DATEVALUE(D96),"") -> 45641 | L96: =DATEDIF(K96,TODAY(),"Y") -> 1 | M96: December | N96: High Bonus | O96: Mid Earner | P96: =IF(AND(J96="Active",G96>0.1,L96>=3),"Eligible","Not Eligible") -> Not Eligible | Q96: =IF(M96=TEXT(TODAY(),"mmmm"),"Yes","No") -> Yes | R96: IT | S96: =_xlfn.TEXTJOIN(",",TRUE,A96,B96,C96,"Salary -"&ROUND(I96,2),J96) -> EMP095,Ravi,IT,Salary -49231.84,Active
A97: EMP096 | B97: Prakash | C97: HR | D97: 45423 | E97: 64992 | F97: Bangalore | G97: 0.08 | H97: =E97*G97 -> 5199.36 | I97: =E97+H97 -> 70191.36 | J97: =IF(I97>=25000,"Active","Probation") -> Active | K97: 45423 | L97: =DATEDIF(K97,TODAY(),"Y") -> 1 | M97: May | N97: High Bonus | O97: Top Earner | P97: =IF(AND(J97="Active",G97>0.1,L97>=3),"Eligible","Not Eligible") -> Not Eligible | Q97: =IF(M97=TEXT(TODAY(),"mmmm"),"Yes","No") -> No | R97: HR | S97: =_xlfn.TEXTJOIN(",",TRUE,A97,B97,C97,"Salary -"&ROUND(I97,2),J97) -> EMP096,Prakash,HR,Salary -70191.36,Active
A98: EMP097 | B98: Bala | C98: Marketing | D98: 44228 | E98: 21149 | F98: Pune | G98: 0.09 | H98: =E98*G98 -> 1903.41 | I98: =E98+H98 -> 23052.41 | J98: =IF(I98>=25000,"Active","Probation") -> Probation | K98: 44228 | L98: =DATEDIF(K98,TODAY(),"Y") -> 4 | M98: February | O98: Low Earner | P98: =IF(AND(J98="Active",G98>0.1,L98>=3),"Eligible","Not Eligible") -> Not Eligible | Q98: =IF(M98=TEXT(TODAY(),"mmmm"),"Yes","No") -> No | R98: Ma | S98: =_xlfn.TEXTJOIN(",",TRUE,A98,B98,C98,"Salary -"&ROUND(I98,2),J98) -> EMP097,Bala,Marketing,Salary -23052.41,Probation
A99: EMP098 | B99: Gokul | C99: Marketing | D99: 45393 | E99: 29013 | F99: Bangalore | G99: 0.09 | H99: =E99*G99 -> 2611.17 | I99: =E99+H99 -> 31624.17 | J99: =IF(I99>=25000,"Active","Probation") -> Active | K99: 45393 | L99: =DATEDIF(K99,TODAY(),"Y") -> 1 | M99: April | O99: Low Earner | P99: =IF(AND(J99="Active",G99>0.1,L99>=3),"Eligible","Not Eligible") -> Not Eligible | Q99: =IF(M99=TEXT(TODAY(),"mmmm"),"Yes","No") -> No | R99: Ma | S99: =_xlfn.TEXTJOIN(",",TRUE,A99,B99,C99,"Salary -"&ROUND(I99,2),J99) -> EMP098,Gokul,Marketing,Salary -31624.17,Active
A100: EMP099 | B100: Bala | C100: Sales | D100: 31/05/2024 | E100: 44596 | F100: Chennai | G100: 0.15 | H100: =E100*G100 -> 6689.4 | I100: =E100+H100 -> 51285.4 | J100: =IF(I100>=25000,"Active","Probation") -> Active | K100: =IFERROR(DATEVALUE(D100),"") -> 45443 | L100: =DATEDIF(K100,TODAY(),"Y") -> 1 | M100: May | N100: High Bonus | O100: Mid Earner | P100: =IF(AND(J100="Active",G100>0.1,L100>=3),"Eligible","Not Eligible") -> Not Eligible | Q100: =IF(M100=TEXT(TODAY(),"mmmm"),"Yes","No") -> No | R100: Sa | S100: =_xlfn.TEXTJOIN(",",TRUE,A100,B100,C100,"Salary -"&ROUND(I100,2),J100) -> EMP099,Bala,Sales,Salary -51285.4,Active
...

Sheet Bonus Table
A1: Department | B1: Bonus %
A2: Finance | B2: 0.1
A3: HR | B3: 0.08
A4: IT | B4: 0.12
A5: Sales | B5: 0.15
A6: Marketing | B6: 0.09
A7: Support | B7: 0.07

Sheet Summary Count
B2: Employee Report - Dataset Summary Counts
B3: Total employees🧑‍🤝‍🧑 | D3: 100
B4: Active employees✅ | D4: =COUNTIF(Employee_Dataset!J2:J101,"Active") -> 93 | I4: Salary Category Summary📊:
B5: Probation Employee ❎ | D5: =COUNTIF(Employee_Dataset!J2:J101,"Probation") -> 7 | I5: 1. High Salary | K5: 31
B6: Employee eligible for bonus 💰 | D6: =COUNTIF(Employee_Dataset!P2:P101,"Eligible") -> 13 | I6: 2. Medium Salary | K6: =COUNTIF(Employee_Dataset!O2:O101,"Mid Earner") -> 32
B7: Highest Salary in the Dataset 📈 | D7: =MAX(Employee_Dataset!I2:I101) -> 73348.15 | I7: 3. Low Salary | K7: =COUNTIF(Employee_Dataset!O2:O101,"Low Earner") -> 37
B8: Lowest Salary in the Dataset 📉 | D8: =MIN(Employee_Dataset!I2:I101) -> 20402.28
B9: Department with the highest number of employees🏢 | D9: Marketing-24
B10: Total number of employees with High-Bonus Eligibility 🎯 | D10: 10

Sheet Pivot Sheet
A1: Department | B1: Count of Employee ID
A2: Marketing | B2: 24
A3: Support | B3: 18
A4: IT | B4: 17
A5: HR | B5: 16
A6: Sales | B6: 14
A7: Finance | B7: 11
A8: Grand Total | B8: 100
